debugXIFVW6:debugXHNEHM,initialized,0,,1467426305823
debugXIFVW6:debugXHNEHM,window_resize,0,"[1024, 768]",1467426305823
debugDZ6SFS:debugK01ME6,initialized,0,,1467426419837
debugDZ6SFS:debugK01ME6,window_resize,0,"[1024, 768]",1467426419837
debugYAUI4O:debug6F88E4,initialized,0,,1467426467078
debugYAUI4O:debug6F88E4,window_resize,0,"[1024, 768]",1467426467078
debug9S3TWR:debugM1K9NE,initialized,0,,1467426635312
debug9S3TWR:debugM1K9NE,window_resize,0,"[1024, 768]",1467426635312
debugG6DF0H:debug519GZV,initialized,0,,1467426772731
debugG6DF0H:debug519GZV,window_resize,0,"[1024, 768]",1467426772731
debug7NB4XG:debugYDMP50,initialized,0,,1467426874258
debug7NB4XG:debugYDMP50,window_resize,0,"[1024, 768]",1467426874258
debugD3TUDN:debugX92K45,initialized,0,,1467426994100
debugD3TUDN:debugX92K45,window_resize,0,"[1024, 768]",1467426994100
