debug7k7sI:debugE83vC,mostdiff,A-X
debug7k7sI:debugE83vC,gender,helicopter
debug7k7sI:debugE83vC,age,23
debug7k7sI:debugE83vC,leastdiff,2-back reset
debug7k7sI:debugE83vC,education,Associate's Degree
debug7k7sI:debugE83vC,ethnicity,apache
debugTxkHB:debugb9Dq5,mostdiff,3-back
debugTxkHB:debugb9Dq5,gender,wizard
debugTxkHB:debugb9Dq5,age,30
debugTxkHB:debugb9Dq5,leastdiff,A-X
debugTxkHB:debugb9Dq5,education,Associate's Degree
debugTxkHB:debugb9Dq5,ethnicity,gandalf
debugwSGaa:debugYg0Fc,mostdiff,3-back reset
debugwSGaa:debugYg0Fc,gender,HELICOPTER
debugwSGaa:debugYg0Fc,age,30
debugwSGaa:debugYg0Fc,leastdiff,A-X
debugwSGaa:debugYg0Fc,education,Master's Degree
debugwSGaa:debugYg0Fc,ethnicity,APACHE
debugzOZUi:debugS6EK3,mostdiff,3-back
debugzOZUi:debugS6EK3,gender,helicopter
debugzOZUi:debugS6EK3,age,27
debugzOZUi:debugS6EK3,leastdiff,A-X
debugzOZUi:debugS6EK3,education,Post-Doctorate Degree
debugzOZUi:debugS6EK3,ethnicity,apache
