debugcbkZj:debugrdR1O,debug-flag,0
debugNP658:debugumwvO,finish-flag,1
debugNP658:debugumwvO,mostdiff,3-back reset
debugNP658:debugumwvO,gender,debug
debugNP658:debugumwvO,age,999
debugNP658:debugumwvO,leastdiff,A-X
debugNP658:debugumwvO,debug-flag,1
debugNP658:debugumwvO,education,Associate's Degree
debugNP658:debugumwvO,ethnicity,debug
debugrjAkw:debughnu2t,debug-flag,0
debugtXeTn:debugkgdEv,finish-flag,1
debugtXeTn:debugkgdEv,mostdiff,3-back
debugtXeTn:debugkgdEv,gender,debugfinal
debugtXeTn:debugkgdEv,age,999
debugtXeTn:debugkgdEv,leastdiff,A-X
debugtXeTn:debugkgdEv,debug-flag,1
debugtXeTn:debugkgdEv,education,Post-Doctorate Degree
debugtXeTn:debugkgdEv,ethnicity,debugfinal
debugVWja7:debugyTWzo,finish-flag,1
debugVWja7:debugyTWzo,mostdiff,3-back
debugVWja7:debugyTWzo,gender,debugfinal2
debugVWja7:debugyTWzo,age,999
debugVWja7:debugyTWzo,leastdiff,A-X
debugVWja7:debugyTWzo,debug-flag,1
debugVWja7:debugyTWzo,education,Bachelor's Degree
debugVWja7:debugyTWzo,ethnicity,debugfinal2
